model,input_id,input_len_tokens,output_len_tokens,tokenize_ms,generate_ms
llamaguard,b01_원문,208,3,0.639,46.36
llamaguard,b02_원문,211,3,0.633,46.499
llamaguard,b03_원문,203,3,0.652,45.853
llamaguard,b04_원문,215,3,0.685,45.918
llamaguard,b05_원문,217,3,0.669,46.005
llamaguard,b06_원문,212,3,0.652,46.885
llamaguard,b07_원문,204,3,0.619,46.855
llamaguard,b08_원문,209,3,0.635,46.111
llamaguard,b09_원문,215,3,0.677,46.556
llamaguard,b10_원문,203,3,0.651,46.566
llamaguard,b11_원문,214,3,0.713,46.732
llamaguard,b12_원문,214,3,0.664,46.126
llamaguard,b13_원문,211,3,0.63,46.6
llamaguard,b14_원문,214,6,0.658,91.002
llamaguard,b15_원문,217,3,0.722,46.889
llamaguard,b16_원문,215,3,0.66,48.263
llamaguard,b17_원문,205,3,0.661,47.541
llamaguard,b18_원문,210,3,0.718,46.866
llamaguard,b19_원문,212,6,0.678,89.41
llamaguard,b20_원문,203,6,0.662,90.341
llamaguard,b21_원문,199,3,0.645,47.884
llamaguard,b22_원문,203,3,0.68,46.583
llamaguard,b23_원문,218,3,0.703,46.431
llamaguard,b24_원문,205,3,0.64,47.047
llamaguard,b25_원문,216,3,0.736,47.618
llamaguard,b26_원문,209,3,0.652,47.385
llamaguard,b27_원문,202,3,0.636,46.639
llamaguard,b28_원문,200,3,0.638,46.333
llamaguard,b29_원문,201,3,0.604,47.277
llamaguard,b30_원문,204,3,0.642,47.195
llamaguard,0,202,3,0.611,46.251
llamaguard,1,207,3,0.686,47.042
llamaguard,2,212,3,0.636,47.081
llamaguard,3,207,3,0.65,46.443
llamaguard,4,209,3,0.679,47.456
llamaguard,5,210,3,0.702,47.11
llamaguard,6,208,3,0.715,46.692
llamaguard,7,208,3,0.76,46.872
llamaguard,8,203,3,0.622,46.321
llamaguard,9,211,3,0.63,46.267
llamaguard,10,213,3,0.662,46.569
llamaguard,11,204,3,0.677,46.602
llamaguard,12,207,3,0.66,45.947
llamaguard,13,211,3,0.706,45.752
llamaguard,14,211,3,0.722,46.326
llamaguard,15,213,3,0.677,47.157
llamaguard,16,210,3,0.653,46.156
llamaguard,17,217,3,0.66,46.162
llamaguard,18,212,3,0.681,45.99
llamaguard,19,208,3,0.654,46.531
polyguard,b01_원문,241,31,0.86,672.808
polyguard,b02_원문,243,33,0.85,723.53
polyguard,b03_원문,236,31,0.903,671.435
polyguard,b04_원문,248,33,0.879,721.445
polyguard,b05_원문,251,33,0.91,719.973
polyguard,b06_원문,242,33,0.987,716.83
polyguard,b07_원문,238,31,0.981,675.089
polyguard,b08_원문,244,33,0.958,718.588
polyguard,b09_원문,246,31,0.962,672.999
polyguard,b10_원문,236,31,0.869,676.027
polyguard,b11_원문,247,33,0.982,719.374
polyguard,b12_원문,246,33,0.916,719.181
polyguard,b13_원문,242,33,0.96,717.636
polyguard,b14_원문,247,31,0.95,680.318
polyguard,b15_원문,249,33,1.051,722.239
polyguard,b16_원문,247,33,1.001,718.124
polyguard,b17_원문,238,33,0.933,715.254
polyguard,b18_원문,244,33,0.929,720.763
polyguard,b19_원문,244,33,0.967,717.772
polyguard,b20_원문,236,33,0.921,715.824
polyguard,b21_원문,234,31,0.91,669.248
polyguard,b22_원문,238,31,0.885,669.231
polyguard,b23_원문,248,31,0.974,673.91
polyguard,b24_원문,239,31,0.881,673.153
polyguard,b25_원문,248,33,0.951,722.182
polyguard,b26_원문,240,31,0.945,677.321
polyguard,b27_원문,235,31,0.947,676.2
polyguard,b28_원문,232,31,0.879,672.939
polyguard,b29_원문,234,31,0.941,674.095
polyguard,b30_원문,237,31,0.921,677.958
polyguard,0,234,31,1.011,672.703
polyguard,1,240,31,0.942,679.32
polyguard,2,244,31,1.053,678.485
polyguard,3,239,31,0.919,672.512
polyguard,4,241,31,0.987,673.64
polyguard,5,242,31,0.918,678.112
polyguard,6,240,31,0.901,673.575
polyguard,7,240,31,0.98,674.915
polyguard,8,235,31,0.937,674.862
polyguard,9,243,31,0.933,677.688
polyguard,10,245,31,0.97,679.642
polyguard,11,236,31,1.008,675.927
polyguard,12,239,31,0.892,673.494
polyguard,13,243,31,0.961,674.058
polyguard,14,243,31,0.945,676.521
polyguard,15,245,31,0.934,683.55
polyguard,16,242,31,0.929,677.167
polyguard,17,249,31,0.986,679.269
polyguard,18,244,31,0.993,676.729
polyguard,19,240,31,1.004,673.636
sguard,b01_원문,1501,5,3.821,300.283
sguard,b02_원문,1509,5,3.792,299.127
sguard,b03_원문,1493,5,3.549,298.474
sguard,b04_원문,1509,5,3.616,297.682
sguard,b05_원문,1513,5,3.667,298.837
sguard,b06_원문,1504,5,3.879,299.515
sguard,b07_원문,1493,5,3.811,297.413
sguard,b08_원문,1503,5,3.866,297.762
sguard,b09_원문,1503,5,3.737,296.387
sguard,b10_원문,1495,5,3.752,297.618
sguard,b11_원문,1507,5,3.826,297.015
sguard,b12_원문,1506,5,3.663,297.873
sguard,b13_원문,1505,5,3.557,298.76
sguard,b14_원문,1504,5,3.492,299.105
sguard,b15_원문,1512,5,3.66,296.653
sguard,b16_원문,1506,5,3.669,297.152
sguard,b17_원문,1500,5,3.707,298.604
sguard,b18_원문,1509,5,3.586,297.554
sguard,b19_원문,1508,5,3.537,297.863
sguard,b20_원문,1493,5,3.481,297.523
sguard,b21_원문,1490,5,3.488,297.775
sguard,b22_원문,1497,5,3.634,298.032
sguard,b23_원문,1517,5,3.808,299.303
sguard,b24_원문,1498,5,3.776,296.812
sguard,b25_원문,1510,5,3.7,297.866
sguard,b26_원문,1499,5,3.889,297.208
sguard,b27_원문,1488,5,3.842,298.702
sguard,b28_원문,1489,5,3.766,295.437
sguard,b29_원문,1491,5,3.711,297.196
sguard,b30_원문,1494,5,3.579,297.386
sguard,0,1491,5,3.632,298.416
sguard,1,1500,5,3.654,297.217
sguard,2,1501,5,3.83,298.08
sguard,3,1498,5,3.697,297.593
sguard,4,1502,5,3.639,296.248
sguard,5,1498,5,3.672,297.012
sguard,6,1497,5,3.7,298.19
sguard,7,1498,5,3.728,299.074
sguard,8,1491,5,3.579,298.93
sguard,9,1505,5,3.867,298.253
sguard,10,1506,5,3.799,297.555
sguard,11,1493,5,3.827,296.661
sguard,12,1495,5,3.733,296.893
sguard,13,1504,5,3.728,297.279
sguard,14,1499,5,3.751,296.063
sguard,15,1505,5,3.606,297.164
sguard,16,1499,5,3.68,297.426
sguard,17,1505,5,3.641,296.679
sguard,18,1502,5,3.497,298.417
sguard,19,1496,5,3.583,298.074
